{"elements": 
    {
    "H": {
    "atomicNumber": 1,
    "mass": 1.008,
    "isotopes": {
        "mu": {"mass": 0.113977478 },
        "1": { "mass": 1.00782503223 },
        "2": { "mass": 2.01410177812 },
        "3": { "mass": 3.0160492779 }
    }
    },
    "He": {
    "atomicNumber": 2,
    "mass": 4.002602,
    "isotopes": {
        "3": { "mass": 3.0160293201 },
        "4": { "mass": 4.00260325413 }
    }
    },
    "Li": {
    "atomicNumber": 3,
    "mass": 6.94,
    "isotopes": {
        "6": { "mass": 6.0151228874 },
        "7": { "mass": 7.0160034366 }
    }
    },
    "Be": {
    "atomicNumber": 4,
    "mass": 9.0121831,
    "isotopes": {
        "9": { "mass": 9.012183065 }
    }
    },
    "B": {
    "atomicNumber": 5,
    "mass": 10.81,
    "isotopes": {
        "10": { "mass": 10.01293695 },
        "11": { "mass": 11.00930536 }
    }
    },
    "C": {
    "atomicNumber": 6,
    "mass": 12.011,
    "isotopes": {
        "12": { "mass": 12.0 },
        "13": { "mass": 13.00335483507 },
        "14": { "mass": 14.0032419884 }
    }
    },
    "N": {
    "atomicNumber": 7,
    "mass": 14.007,
    "isotopes": {
        "14": { "mass": 14.00307400443 },
        "15": { "mass": 15.00010889888 }
    }
    },
    "O": {
    "atomicNumber": 8,
    "mass": 15.999,
    "isotopes": {
        "16": { "mass": 15.99491461957 },
        "17": { "mass": 16.9991317565 },
        "18": { "mass": 17.99915961286 }
    }
    },
    "F": {
    "atomicNumber": 9,
    "mass": 18.998403162,
    "isotopes": {
        "19": { "mass": 18.99840316273 }
    }
    },
    "Ne": {
    "atomicNumber": 10,
    "mass": 20.1797,
    "isotopes": {
        "20": { "mass": 19.9924401762 },
        "21": { "mass": 20.993846685 },
        "22": { "mass": 21.991385114 }
    }
    },
    "Na": {
    "atomicNumber": 11,
    "mass": 22.98976928,
    "isotopes": {
        "23": { "mass": 22.989769282 }
    }
    },
    "Mg": {
    "atomicNumber": 12,
    "mass": 24.305,
    "isotopes": {
        "24": { "mass": 23.985041697 },
        "25": { "mass": 24.985836976 },
        "26": { "mass": 25.982592968 }
    }
    },
    "Al": {
    "atomicNumber": 13,
    "mass": 26.9815384,
    "isotopes": {
        "27": { "mass": 26.98153853 }
    }
    },
    "Si": {
    "atomicNumber": 14,
    "mass": 28.085,
    "isotopes": {
        "28": { "mass": 27.97692653465 },
        "29": { "mass": 28.9764946649 },
        "30": { "mass": 29.973770136 }
    }
    },
    "P": {
    "atomicNumber": 15,
    "mass": 30.973761998,
    "isotopes": {
        "31": { "mass": 30.97376199842 }
    }
    },
    "S": {
    "atomicNumber": 16,
    "mass": 32.06,
    "isotopes": {
        "32": { "mass": 31.9720711744 },
        "33": { "mass": 32.9714589098 },
        "34": { "mass": 33.967867004 },
        "36": { "mass": 35.96708071 }
    }
    },
    "Cl": {
    "atomicNumber": 17,
    "mass": 35.45,
    "isotopes": {
        "35": { "mass": 34.968852682 },
        "37": { "mass": 36.965902602 }
    }
    },
    "Ar": {
    "atomicNumber": 18,
    "mass": 39.95,
    "isotopes": {
        "36": { "mass": 35.967545105 },
        "38": { "mass": 37.96273211 },
        "40": { "mass": 39.9623831237 }
    }
    },
    "K": {
    "atomicNumber": 19,
    "mass": 39.0983,
    "isotopes": {
        "39": { "mass": 38.9637064864 },
        "40": { "mass": 39.963998166 },
        "41": { "mass": 40.9618252579 }
    }
    },
    "Ca": {
    "atomicNumber": 20,
    "mass": 40.078,
    "isotopes": {
        "40": { "mass": 39.962590863 },
        "42": { "mass": 41.95861783 },
        "43": { "mass": 42.95876644 },
        "44": { "mass": 43.95548156 },
        "46": { "mass": 45.953689 },
        "48": { "mass": 47.95252276 }
    }
    },
    "Sc": {
    "atomicNumber": 21,
    "mass": 44.955907,
    "isotopes": {
        "45": { "mass": 44.95590828 }
    }
    },
    "Ti": {
    "atomicNumber": 22,
    "mass": 47.867,
    "isotopes": {
        "46": { "mass": 45.95262772 },
        "47": { "mass": 46.95175879 },
        "48": { "mass": 47.94794198 },
        "49": { "mass": 48.94786568 },
        "50": { "mass": 49.94478689 }
    }
    },
    "V": {
    "atomicNumber": 23,
    "mass": 50.9415,
    "isotopes": {
        "50": { "mass": 49.94715601 },
        "51": { "mass": 50.94395704 }
    }
    },
    "Cr": {
    "atomicNumber": 24,
    "mass": 51.9961,
    "isotopes": {
        "50": { "mass": 49.94604183 },
        "52": { "mass": 51.94050623 },
        "53": { "mass": 52.94064815 },
        "54": { "mass": 53.93887916 }
    }
    },
    "Mn": {
    "atomicNumber": 25,
    "mass": 54.938043,
    "isotopes": {
        "55": { "mass": 54.93804391 }
    }
    },
    "Fe": {
    "atomicNumber": 26,
    "mass": 55.845,
    "isotopes": {
        "54": { "mass": 53.93960899 },
        "56": { "mass": 55.93493633 },
        "57": { "mass": 56.93539284 },
        "58": { "mass": 57.93327443 }
    }
    },
    "Co": {
    "atomicNumber": 27,
    "mass": 58.933194,
    "isotopes": {
        "59": { "mass": 58.93319429 }
    }
    },
    "Ni": {
    "atomicNumber": 28,
    "mass": 58.6934,
    "isotopes": {
        "58": { "mass": 57.93534241 },
        "60": { "mass": 59.93078588 },
        "61": { "mass": 60.93105557 },
        "62": { "mass": 61.92834537 },
        "64": { "mass": 63.92796682 }
    }
    },
    "Cu": {
    "atomicNumber": 29,
    "mass": 63.546,
    "isotopes": {
        "63": { "mass": 62.92959772 },
        "65": { "mass": 64.9277897 }
    }
    },
    "Zn": {
    "atomicNumber": 30,
    "mass": 65.38,
    "isotopes": {
        "64": { "mass": 63.92914201 },
        "66": { "mass": 65.92603381 },
        "67": { "mass": 66.92712775 },
        "68": { "mass": 67.92484455 },
        "70": { "mass": 69.9253192 }
    }
    },
    "Ga": {
    "atomicNumber": 31,
    "mass": 69.723,
    "isotopes": {
        "69": { "mass": 68.9255735 },
        "71": { "mass": 70.92470258 }
    }
    },
    "Ge": {
    "atomicNumber": 32,
    "mass": 72.63,
    "isotopes": {
        "70": { "mass": 69.92424875 },
        "72": { "mass": 71.922075826 },
        "73": { "mass": 72.923458956 },
        "74": { "mass": 73.921177761 },
        "76": { "mass": 75.921402726 }
    }
    },
    "As": {
    "atomicNumber": 33,
    "mass": 74.921595,
    "isotopes": {
        "75": { "mass": 74.92159457 }
    }
    },
    "Se": {
    "atomicNumber": 34,
    "mass": 78.971,
    "isotopes": {
        "74": { "mass": 73.922475934 },
        "76": { "mass": 75.919213704 },
        "77": { "mass": 76.919914154 },
        "78": { "mass": 77.91730928 },
        "80": { "mass": 79.9165218 },
        "82": { "mass": 81.9166995 }
    }
    },
    "Br": {
    "atomicNumber": 35,
    "mass": 79.904,
    "isotopes": {
        "79": { "mass": 78.9183376 },
        "81": { "mass": 80.9162897 }
    }
    },
    "Kr": {
    "atomicNumber": 36,
    "mass": 83.798,
    "isotopes": {
        "78": { "mass": 77.92036494 },
        "80": { "mass": 79.91637808 },
        "82": { "mass": 81.91348273 },
        "83": { "mass": 82.91412716 },
        "84": { "mass": 83.9114977282 },
        "86": { "mass": 85.9106106269 }
    }
    },
    "Rb": {
    "atomicNumber": 37,
    "mass": 85.4678,
    "isotopes": {
        "85": { "mass": 84.9117897379 },
        "87": { "mass": 86.909180531 }
    }
    },
    "Sr": {
    "atomicNumber": 38,
    "mass": 87.62,
    "isotopes": {
        "84": { "mass": 83.9134191 },
        "86": { "mass": 85.9092606 },
        "87": { "mass": 86.9088775 },
        "88": { "mass": 87.9056125 }
    }
    },
    "Y": {
    "atomicNumber": 39,
    "mass": 88.905838,
    "isotopes": {
        "89": { "mass": 88.9058403 }
    }
    },
    "Zr": {
    "atomicNumber": 40,
    "mass": 91.222,
    "isotopes": {
        "90": { "mass": 89.9046977 },
        "91": { "mass": 90.9056396 },
        "92": { "mass": 91.9050347 },
        "94": { "mass": 93.9063108 },
        "96": { "mass": 95.9082714 }
    }
    },